{
  "epoch": [
    1,
    2,
    3,
    4,
    5,
    6,
    7,
    8,
    9,
    10,
    11,
    12,
    13,
    14,
    15,
    16,
    17,
    18,
    19,
    20,
    21,
    22,
    23,
    24,
    25,
    26,
    27,
    28,
    29,
    30,
    31,
    32,
    33,
    34,
    35,
    36,
    37,
    38,
    39,
    40,
    41,
    42,
    43,
    44,
    45,
    46,
    47,
    48,
    49,
    50
  ],
  "train_loss": [
    0.35073,
    0.32706,
    0.31054,
    0.2934,
    0.27781,
    0.25928,
    0.24819,
    0.23172,
    0.22268,
    0.20583,
    0.19519,
    0.19,
    0.17735,
    0.16712,
    0.16284,
    0.15267,
    0.14595,
    0.13653,
    0.1353,
    0.12221,
    0.12077,
    0.11137,
    0.10274,
    0.10189,
    0.09673,
    0.08944,
    0.08542,
    0.08318,
    0.08013,
    0.07091,
    0.07459,
    0.06832,
    0.06366,
    0.06539,
    0.06081,
    0.0608,
    0.05689,
    0.0538,
    0.05141,
    0.05072,
    0.04708,
    0.04446,
    0.04574,
    0.04269,
    0.04159,
    0.04233,
    0.03863,
    0.03768,
    0.0353,
    0.03629
  ],
  "val_loss": [
    0.38271,
    0.36512,
    0.34246,
    0.32558,
    0.31301,
    0.29595,
    0.27785,
    0.27065,
    0.24854,
    0.24359,
    0.22571,
    0.22406,
    0.20326,
    0.2014,
    0.18828,
    0.17852,
    0.17174,
    0.16509,
    0.15293,
    0.14604,
    0.14367,
    0.13019,
    0.1275,
    0.13263,
    0.11518,
    0.11638,
    0.10631,
    0.10499,
    0.10107,
    0.09837,
    0.09047,
    0.09334,
    0.08211,
    0.08127,
    0.07817,
    0.0711,
    0.0708,
    0.06949,
    0.06519,
    0.07143,
    0.05934,
    0.06326,
    0.06027,
    0.05575,
    0.05139,
    0.04997,
    0.0491,
    0.04376,
    0.04466,
    0.04185
  ]
}